"CH1:1x_x","CH1:1x_y","CH1:2x_x","CH1:2x_y","CH1:4x_x","CH1:4x_y","CH1:5x_x","CH1:5x_y","CH1:8x_x","CH1:8x_y","CH1:10x_x","CH1:10x_y","CH1:16x_x","CH1:16x_y","CH1:32x_x","CH1:32x_y","CH2:1x_x","CH2:1x_y","CH2:2x_x","CH2:2x_y","CH2:4x_x","CH2:4x_y","CH2:5x_x","CH2:5x_y","CH2:8x_x","CH2:8x_y","CH2:10x_x","CH2:10x_y","CH2:16x_x","CH2:16x_y","CH2:32x_x","CH2:32x_y"
0,-3.273019,0,-3.287809,0,-3.295009,0,-3.285597,780,-2.049631,1050,-1.60909,1410,-1.026283,1740,-0.4899897,0,-3.321935,0,-3.336176,0,-3.344319,0,-3.285568,780,-2.053396,1050,-1.642389,1410,-1.026714,1740,-0.5132885,
30,-3.229457,30,-3.244557,30,-3.251213,30,-3.256378,810,-2.000665,1080,-1.559496,1440,-0.9787935,1770,-0.4411586,30,-3.278257,30,-3.292619,30,-3.301005,30,-3.284759,810,-2.04847,1080,-1.60685,1440,-1.026338,1770,-0.4925827,
60,-3.181871,60,-3.197157,60,-3.204218,60,-3.208724,840,-1.95134,1110,-1.510682,1470,-0.9309773,1800,-0.3922767,60,-3.231376,60,-3.245589,60,-3.253648,60,-3.252927,840,-1.99951,1110,-1.557763,1470,-0.9814661,1800,-0.4439934,
90,-3.13365,90,-3.148433,90,-3.155358,90,-3.160318,870,-1.902845,1140,-1.462044,1500,-0.8808295,1830,-0.3441237,90,-3.182631,90,-3.197263,90,-3.205209,90,-3.2041,870,-1.951109,1140,-1.509619,1500,-0.9314835,1830,-0.3954889,
120,-3.085283,120,-3.100386,120,-3.10703,120,-3.11168,900,-1.854255,1170,-1.413242,1530,-0.8308183,1860,-0.2952797,120,-3.134748,120,-3.148559,120,-3.156737,120,-3.155733,900,-1.902771,1170,-1.460644,1530,-0.8816486,1860,-0.3469165,
150,-3.037793,150,-3.05214,150,-3.058747,150,-3.063129,930,-1.806298,1200,-1.3642,1560,-0.7811335,1890,-0.2471303,150,-3.086533,150,-3.100617,150,-3.108224,150,-3.107286,930,-1.854719,1200,-1.411892,1560,-0.8320403,1890,-0.2985236,
180,-2.988867,180,-3.003242,180,-3.009872,180,-3.014669,960,-1.758201,1230,-1.315619,1590,-0.7317374,1920,-0.1987385,180,-3.039077,180,-3.052059,180,-3.060144,180,-3.058916,960,-1.806736,1230,-1.36333,1590,-0.7827732,1920,-0.250157,
210,-2.940234,210,-2.954623,210,-2.961528,210,-2.96586,990,-1.709383,1260,-1.267452,1620,-0.6828713,1950,-0.1502372,210,-2.990257,210,-3.003957,210,-3.011482,210,-3.010771,990,-1.75807,1260,-1.315898,1620,-0.7339063,1950,-0.2017669,
240,-2.892078,240,-2.906861,240,-2.913583,240,-2.917985,1020,-1.660545,1290,-1.219272,1650,-0.6352047,1980,-0.1016741,240,-2.943044,240,-2.956101,240,-2.963782,240,-2.962997,1020,-1.70925,1290,-1.267544,1650,-0.6862053,1980,-0.1533906,
270,-2.844971,270,-2.858837,270,-2.865582,270,-2.870554,1050,-1.610831,1320,-1.170408,1680,-0.5866327,2010,-0.0518211,270,-2.894738,270,-2.908241,270,-2.915949,270,-2.914929,1050,-1.660156,1320,-1.218976,1680,-0.6378165,2010,-0.1034555,
300,-2.79605,300,-2.81046,300,-2.817729,300,-2.822184,1080,-1.561399,1350,-1.121419,1710,-0.5380415,2040,-0.002116014,300,-2.84759,300,-2.860196,300,-2.867939,300,-2.867468,1080,-1.610802,1350,-1.169966,1710,-0.5892256,2040,-0.05364751,
330,-2.747557,330,-2.762247,330,-2.769669,330,-2.773963,1110,-1.512451,1380,-1.072809,1740,-0.4890974,2070,0.04712602,330,-2.798684,330,-2.812006,330,-2.820291,330,-2.819048,1110,-1.561712,1380,-1.121881,1740,-0.5404043,2070,-0.004731599,
360,-2.698813,360,-2.714043,360,-2.721073,360,-2.725239,1140,-1.463561,1410,-1.024725,1770,-0.4402355,2100,0.0955954,360,-2.75064,360,-2.763836,360,-2.771834,360,-2.770723,1140,-1.513157,1410,-1.073714,1770,-0.4916761,2100,0.04380499,
390,-2.650532,390,-2.665092,390,-2.672367,390,-2.676711,1170,-1.414755,1440,-0.9768071,1800,-0.3915791,2130,0.1443826,390,-2.701845,390,-2.715512,390,-2.723564,390,-2.722393,1170,-1.464194,1440,-1.026024,1800,-0.4427607,2130,0.09285626,
420,-2.601455,420,-2.616162,420,-2.623594,420,-2.627979,1200,-1.365833,1470,-0.9290462,1830,-0.3431569,2160,0.1931578,420,-2.653438,420,-2.666138,420,-2.67432,420,-2.673855,1200,-1.415518,1470,-0.9783266,1830,-0.3943587,2160,0.1413902,
450,-2.552181,450,-2.567722,450,-2.574442,450,-2.578791,1230,-1.317001,1500,-0.8787277,1860,-0.2943791,2190,0.2420733,450,-2.604149,450,-2.617305,450,-2.625153,450,-2.624612,1230,-1.366665,1500,-0.9281532,1860,-0.3459542,2190,0.1902038,
480,-2.502782,480,-2.519292,480,-2.526082,480,-2.529736,1260,-1.269172,1530,-0.8288324,1890,-0.2461943,2220,0.2910916,480,-2.55545,480,-2.569228,480,-2.576649,480,-2.576061,1260,-1.318636,1530,-0.8784885,1890,-0.297713,2220,0.2393473,
510,-2.454516,510,-2.470439,510,-2.477117,510,-2.481324,1290,-1.220533,1560,-0.7791274,1920,-0.1976515,2250,0.340234,510,-2.506368,510,-2.520526,510,-2.528327,510,-2.527394,1290,-1.270489,1560,-0.8289986,1920,-0.2493311,2250,0.2885023,
540,-2.405479,540,-2.421216,540,-2.428297,540,-2.432589,1320,-1.171437,1590,-0.7298374,1950,-0.1489999,2280,0.3892599,540,-2.458319,540,-2.472033,540,-2.479428,540,-2.478703,1320,-1.221624,1590,-0.779837,1950,-0.2008973,2280,0.337152,
570,-2.356312,570,-2.372719,570,-2.379458,570,-2.383626,1350,-1.122495,1620,-0.6810551,1980,-0.1007568,2310,0.4381045,570,-2.409524,570,-2.42346,570,-2.430753,570,-2.43048,1350,-1.172474,1620,-0.7312618,1980,-0.1524846,2310,0.386319,
600,-2.307416,600,-2.323815,600,-2.330872,600,-2.334872,1380,-1.073917,1650,-0.6332338,2010,-0.05100753,2340,0.4873585,600,-2.360724,600,-2.374957,600,-2.382326,600,-2.381886,1380,-1.124465,1650,-0.6837029,2010,-0.1028625,2340,0.4349955,
630,-2.259437,630,-2.275562,630,-2.282845,630,-2.286695,1410,-1.025719,1680,-0.584998,2040,-0.0008502461, , ,630,-2.312292,630,-2.327084,630,-2.334172,630,-2.333668,1410,-1.075866,1680,-0.6354343,2040,-0.05292491, , ,
660,-2.210446,660,-2.226956,660,-2.234399,660,-2.238375,1440,-0.9777314,1710,-0.5362203,2070,0.04843444, , ,660,-2.264076,660,-2.278247,660,-2.285875,660,-2.285217,1440,-1.028243,1710,-0.5867931,2070,-0.003726477, , ,
690,-2.161646,690,-2.177945,690,-2.185325,690,-2.189468,1470,-0.9297758,1740,-0.4873272,2100,0.09684023, , ,690,-2.215462,690,-2.229666,690,-2.237076,690,-2.237003,1470,-0.9802629,1740,-0.5381352,2100,0.04480712, , ,
720,-2.112725,720,-2.129147,720,-2.13674,720,-2.140434,1500,-0.8796594,1770,-0.4385736,2130,0.1454824, , ,720,-2.166839,720,-2.180727,720,-2.188506,720,-2.188021,1500,-0.9303021,1770,-0.489574,2130,0.09337597, , ,
750,-2.065179,750,-2.080639,750,-2.088308,750,-2.092155,1530,-0.8295248,1800,-0.3897853,2160,0.1941504, , ,750,-2.118064,750,-2.132408,750,-2.140156,750,-2.139688,1530,-0.8804237,1800,-0.4407313,2160,0.1419363, , ,
780,-2.017452,780,-2.032683,780,-2.039908,780,-2.043727,1560,-0.7796156,1830,-0.3414291,2190,0.2433561, , ,780,-2.070967,780,-2.083765,780,-2.091506,780,-2.091045,1560,-0.830772,1830,-0.3927222,2190,0.1909471, , ,
810,-1.968018,810,-1.983291,810,-1.990865,810,-1.994426,1590,-0.7302843,1860,-0.292948,2220,0.2920918, , ,810,-2.022413,810,-2.035451,810,-2.042666,810,-2.04243,1590,-0.781226,1860,-0.3440522,2220,0.2398764, , ,
840,-1.919344,840,-1.934653,840,-1.941787,840,-1.945266,1620,-0.6814699,1890,-0.2445636,2250,0.3414782, , ,840,-1.973734,840,-1.986754,840,-1.993797,840,-1.993578,1620,-0.7326591,1890,-0.2961206,2250,0.2889785, , ,
870,-1.870569,870,-1.885775,870,-1.893103,870,-1.896762,1650,-0.6335822,1920,-0.1963273,2280,0.3904496, , ,870,-1.92501,870,-1.938506,870,-1.945338,870,-1.944926,1650,-0.684733,1920,-0.2478652,2280,0.3376403, , ,
900,-1.822243,900,-1.837677,900,-1.844775,900,-1.848515,1680,-0.5853458,1950,-0.1475828,2310,0.4394463, , ,900,-1.876986,900,-1.889882,900,-1.896816,900,-1.896616,1680,-0.6364493,1950,-0.1994606,2310,0.3867877, , ,
930,-1.773674,930,-1.789109,930,-1.796951,930,-1.800522,1710,-0.5362953,1980,-0.09932637,2340,0.4882978, , ,930,-1.829354,930,-1.841961,930,-1.84886,930,-1.848975,1710,-0.5880782,1980,-0.1510717,2340,0.4358781, , ,
960,-1.725605,960,-1.741221,960,-1.749156,960,-1.752574,1740,-0.4876912,2010,-0.0494169,2370,0.5378353, , ,960,-1.781013,960,-1.793776,960,-1.80086,960,-1.80129,1740,-0.5390768,2010,-0.1014352,2370,0.4848748, , ,
990,-1.676669,990,-1.692418,990,-1.700086,990,-1.703456,1770,-0.4385243,2040,0.0003767399,2400,0.5858476, , ,990,-1.732112,990,-1.745157,990,-1.752533,990,-1.752319,1770,-0.490219,2040,-0.0518244,2400,0.5329057, , ,
1020,-1.62805,1020,-1.643661,1020,-1.65135,1020,-1.654856,1800,-0.3897225,2070,0.04939524,2430,0.6340566, , ,1020,-1.684058,1020,-1.69647,1020,-1.703745,1020,-1.703641,1800,-0.4415431,2070,-0.002838141,2430,0.5806976, , ,
1050,-1.578581,1050,-1.594295,1050,-1.602178,1050,-1.605567,1830,-0.3411587,2100,0.09805916,2460,0.6828443, , ,1050,-1.634482,1050,-1.647278,1050,-1.654473,1050,-1.654442,1830,-0.3930851,2100,0.04535183,2460,0.6297522, , ,
1080,-1.528975,1080,-1.544802,1080,-1.552886,1080,-1.556081,1860,-0.2927,2130,0.146854,2490,0.73189, , ,1080,-1.585073,1080,-1.597924,1080,-1.605198,1080,-1.605539,1860,-0.3445848,2130,0.09429881,2490,0.6786692, , ,
1110,-1.479621,1110,-1.496504,1110,-1.503863,1110,-1.506932,1890,-0.2440411,2160,0.1955794,2520,0.7825642, , ,1110,-1.535935,1110,-1.549272,1110,-1.556281,1110,-1.556395,1890,-0.2963377,2160,0.1427522,2520,0.7294107, , ,
1140,-1.431209,1140,-1.447915,1140,-1.455415,1140,-1.45832,1920,-0.1956932,2190,0.2442544,2550,0.8333004, , ,1140,-1.487871,1140,-1.501372,1140,-1.507961,1140,-1.508146,1920,-0.248054,2190,0.1914141,2550,0.7800899, , ,
1170,-1.382112,1170,-1.398937,1170,-1.406279,1170,-1.409813,1950,-0.1471376,2220,0.2935947,2580,0.883106, , ,1170,-1.438683,1170,-1.452224,1170,-1.459131,1170,-1.4592,1950,-0.1994883,2220,0.2401561,2580,0.8298729, , ,
1200,-1.332712,1200,-1.349809,1200,-1.357388,1200,-1.360605,1980,-0.09855741,2250,0.3423382,2610,0.9321745, , ,1200,-1.390004,1200,-1.403447,1200,-1.410177,1200,-1.410705,1980,-0.1508427,2250,0.289297,2610,0.8788296, , ,
1230,-1.283877,1230,-1.301264,1230,-1.308708,1230,-1.31188,2010,-0.0485273,2280,0.3913406,2640,0.9810058, , ,1230,-1.341038,1230,-1.354826,1230,-1.361577,1230,-1.361977,2010,-0.1011242,2280,0.3377861,2640,0.9275112, , ,
1260,-1.236352,1260,-1.252975,1260,-1.261461,1260,-1.264196,2040,0.001080357,2310,0.4402614,2670,1.025519, , ,1260,-1.293613,1260,-1.306948,1260,-1.313558,1260,-1.314308,2040,-0.05115768,2310,0.3868253,2670,0.9756223, , ,
1290,-1.187728,1290,-1.204724,1290,-1.212725,1290,-1.215715,2070,0.05073775,2340,0.4894043, , , , ,1290,-1.244859,1290,-1.258654,1290,-1.265621,1290,-1.265731,2070,-0.002218636,2340,0.4354595, , , , ,
1320,-1.138263,1320,-1.155426,1320,-1.163877,1320,-1.166713,2100,0.09907744,2370,0.5386651, , , , ,1320,-1.196174,1320,-1.209836,1320,-1.216619,1320,-1.217131,2100,0.04626019,2370,0.4844231, , , , ,
1350,-1.089317,1350,-1.106543,1350,-1.115003,1350,-1.117908,2130,0.1480606,2400,0.5866239, , , , ,1350,-1.146795,1350,-1.160563,1350,-1.167935,1350,-1.168167,2130,0.09499714,2400,0.5324554, , , , ,
1380,-1.042003,1380,-1.05808,1380,-1.066489,1380,-1.069477,2160,0.196715,2430,0.6344895, , , , ,1380,-1.098771,1380,-1.11244,1380,-1.119605,1380,-1.11984,2160,0.1437561,2430,0.5801593, , , , ,
1410,-0.9939286,1410,-1.010826,1410,-1.018769,1410,-1.021155,2190,0.2457844,2460,0.6834359, , , , ,1410,-1.05046,1410,-1.064011,1410,-1.07106,1410,-1.071586,2190,0.1922784,2460,0.629, , , , ,
1440,-0.9462367,1440,-0.9628878,1440,-0.9707324,1440,-0.9733922,2220,0.2944653,2490,0.7325008, , , , ,1440,-1.004213,1440,-1.017336,1440,-1.023774,1440,-1.024216,2220,0.24149,2490,0.6779777, , , , ,
1470,-0.8981571,1470,-0.9150625,1470,-0.9228479,1470,-0.9255332,2250,0.3439584,2520,0.7832292, , , , ,1470,-0.9563906,1470,-0.9694531,1470,-0.9759302,1470,-0.9764182,2250,0.2905833,2520,0.7283078, , , , ,
1500,-0.8481786,1500,-0.8647969,1500,-0.8725168,1500,-0.8753371,2280,0.3929258,2550,0.8338796, , , , ,1500,-0.9067848,1500,-0.9192882,1500,-0.9258535,1500,-0.9263017,2280,0.3394978,2550,0.7789098, , , , ,
1530,-0.798049,1530,-0.8145666,1530,-0.8225081,1530,-0.8253042,2310,0.4418075,2580,0.8838001, , , , ,1530,-0.8561213,1530,-0.8694936,1530,-0.8759908,1530,-0.8765298,2310,0.3885124,2580,0.8286994, , , , ,
1560,-0.748141,1560,-0.7652102,1560,-0.7730509,1560,-0.77577,2340,0.4912949,2610,0.932666, , , , ,1560,-0.8068077,1560,-0.8198702,1560,-0.8260426,1560,-0.8270136,2340,0.4374124,2610,0.8774666, , , , ,
1590,-0.6984597,1590,-0.7156951,1590,-0.7241364,1590,-0.7263707,2370,0.5403926,2640,0.9815702, , , , ,1590,-0.7575595,1590,-0.7703878,1590,-0.7771142,1590,-0.7780616,2370,0.486597,2640,0.9260383, , , , ,
1620,-0.650244,1620,-0.6666257,1620,-0.6752597,1620,-0.677601,2400,0.5885321,2670,1.029763, , , , ,1620,-0.7087445,1620,-0.7217466,1620,-0.7284642,1620,-0.7291368,2400,0.5344607,2670,0.974055, , , , ,
1650,-0.6018672,1650,-0.6187802,1650,-0.6272191,1650,-0.6295284,2430,0.63663,2700,1.078316, , , , ,1650,-0.6612592,1650,-0.6738935,1650,-0.6808076,1650,-0.6814389,2430,0.5825203,2700,1.022447, , , , ,
1680,-0.5534299,1680,-0.5704336,1680,-0.5789518,1680,-0.5815625,2460,0.6854797,2730,1.127259, , , , ,1680,-0.6128068,1680,-0.625557,1680,-0.6323804,1680,-0.6332172,2460,0.6315046,2730,1.071093, , , , ,
1710,-0.5039853,1710,-0.5219787,1710,-0.5303408,1710,-0.5327667,2490,0.7348764,2760,1.175631, , , , ,1710,-0.5641731,1710,-0.5767546,1710,-0.5838411,1710,-0.5847608,2490,0.6803599,2760,1.119583, , , , ,
1740,-0.4558201,1740,-0.4735011,1740,-0.4816832,1740,-0.4837895,2520,0.7854662,2790,1.223169, , , , ,1740,-0.5154538,1740,-0.5281964,1740,-0.5347881,1740,-0.5359438,2520,0.7311902,2790,1.166847, , , , ,
1770,-0.4066474,1770,-0.4247264,1770,-0.4329311,1770,-0.4347569,2550,0.8363903,2820,1.270946, , , , ,1770,-0.4665582,1770,-0.4799178,1770,-0.4866203,1770,-0.487166,2550,0.7818531,2820,1.214503, , , , ,
1800,-0.3577569,1800,-0.3757679,1800,-0.3843503,1800,-0.3865372,2580,0.8865023,2850,1.319828, , , , ,1800,-0.4180101,1800,-0.4313446,1800,-0.4378431,1800,-0.4385585,2580,0.8315187,2850,1.263133, , , , ,
1830,-0.3089469,1830,-0.3272878,1830,-0.335845,1830,-0.3381301,2610,0.9353922,2880,1.369048, , , , ,1830,-0.3694116,1830,-0.382736,1830,-0.389402,1830,-0.3906612,2610,0.8806359,2880,1.312178, , , , ,
1860,-0.2605852,1860,-0.2786717,1860,-0.2870111,1860,-0.2892859,2640,0.9842142,2910,1.418057, , , , ,1860,-0.3209038,1860,-0.3343542,1860,-0.3407104,1860,-0.3420889,2640,0.9292003,2910,1.360832, , , , ,
1890,-0.2117601,1890,-0.2300053,1890,-0.239153,1890,-0.2409292,2670,1.032385,2940,1.466995, , , , ,1890,-0.2728745,1890,-0.2861259,1890,-0.2925766,1890,-0.293839,2670,0.9775727,2940,1.409634, , , , ,
1920,-0.1634689,1920,-0.1819332,1920,-0.1909198,1920,-0.192636,2700,1.081164,2970,1.515613, , , , ,1920,-0.2241603,1920,-0.2376559,1920,-0.2445813,1920,-0.2453594,2700,1.025846,2970,1.458185, , , , ,
1950,-0.1148654,1950,-0.1334556,1950,-0.1421576,1950,-0.1443387,2730,1.130169,3000,1.564031, , , , ,1950,-0.1761259,1950,-0.1894629,1950,-0.1958871,1950,-0.1972092,2730,1.074836,3000,1.506884, , , , ,
1980,-0.066413,1980,-0.08460279,1980,-0.09376316,1980,-0.09575037,2760,1.178808,3030,1.613223, , , , ,1980,-0.127331,1980,-0.1409022,1980,-0.1476161,1980,-0.1487367,2760,1.123439,3030,1.555443, , , , ,
2010,-0.01683242,2010,-0.03452106,2010,-0.04364492,2010,-0.04559661,2790,1.226311,3060,1.641136, , , , ,2010,-0.07782601,2010,-0.09103205,2010,-0.09770307,2010,-0.09904634,2790,1.170907,3060,1.604308, , , , ,
2040,0.03261218,2040,0.01466667,2040,0.006012477,2040,0.003905403,2820,1.274423, , , , , , ,2040,-0.02785256,2040,-0.04129785,2040,-0.04766918,2040,-0.04923104,2820,1.21856, , , , , , ,
2070,0.08149771,2070,0.06364538,2070,0.055034,2070,0.0530619,2850,1.323171, , , , , , ,2070,0.01995009,2070,0.007539835,2070,0.000943109,2070,-0.0001752747,2850,1.267533, , , , , , ,
2100,0.1300659,2100,0.1120852,2100,0.1033605,2100,0.1016745,2880,1.372523, , , , , , ,2100,0.06853342,2100,0.05539789,2100,0.04938038,2100,0.04787619,2880,1.316575, , , , , , ,
2130,0.1785838,2130,0.1609279,2130,0.1522787,2130,0.150429,2910,1.421449, , , , , , ,2130,0.1167944,2130,0.1044572,2130,0.0982785,2130,0.09672344,2910,1.365365, , , , , , ,
2160,0.2273736,2160,0.209622,2160,0.2009427,2160,0.199232,2940,1.470504, , , , , , ,2160,0.1655087,2160,0.1528466,2160,0.1469462,2160,0.1455808,2940,1.414543, , , , , , ,
2190,0.2766168,2190,0.2585705,2190,0.2498597,2190,0.2479462,2970,1.519355, , , , , , ,2190,0.2143892,2190,0.2018505,2190,0.1958342,2190,0.1942638,2970,1.463038, , , , , , ,
2220,0.3257239,2220,0.3075089,2220,0.2982843,2220,0.2972317,3000,1.568082, , , , , , ,2220,0.2636374,2220,0.2503835,2220,0.2444629,2220,0.2427484,3000,1.511687, , , , , , ,
2250,0.3747303,2250,0.3569938,2250,0.3476232,2250,0.3460175,3030,1.617101, , , , , , ,2250,0.3121653,2250,0.2997827,2250,0.2935084,2250,0.2918234,3030,1.560579, , , , , , ,
2280,0.4238123,2280,0.4058441,2280,0.3963803,2280,0.3949755,3060,1.66629, , , , , , ,2280,0.361217,2280,0.3485549,2280,0.3423133,2280,0.3408358,3060,1.609661, , , , , , ,
2310,0.4726777,2310,0.4547875,2310,0.4452242,2310,0.443991,3090,1.715165, , , , , , ,2310,0.4101076,2310,0.3976394,2310,0.3912379,2310,0.3899067,3090,1.658659, , , , , , ,
2340,0.5225201,2340,0.5038796,2340,0.4945643,2340,0.4929632,3120,1.764361, , , , , , ,2340,0.4589931,2340,0.4465023,2340,0.4401511,2340,0.438207,3120,1.707258, , , , , , ,
2370,0.5711992,2370,0.5525208,2370,0.5432434,2370,0.5420008,3150,1.812987, , , , , , ,2370,0.5072541,2370,0.4957832,2370,0.4892834,2370,0.4873282,3150,1.756245, , , , , , ,
2400,0.6198379,2400,0.6003159,2400,0.5913268,2400,0.590155,3180,1.861214, , , , , , ,2400,0.5565577,2400,0.5426944,2400,0.5367071,2400,0.5352437,3180,1.804572, , , , , , ,
2430,0.667565,2430,0.6486575,2430,0.6392705,2430,0.6381471,3210,1.910589, , , , , , ,2430,0.6039725,2430,0.5907891,2430,0.5846117,2430,0.5831803,3210,1.853189, , , , , , ,
2460,0.7168484,2460,0.6975909,2460,0.6881296,2460,0.6869288,3240,1.959553, , , , , , ,2460,0.653266,2460,0.6396319,2460,0.6336622,2460,0.6318321,3240,1.902431, , , , , , ,
2490,0.7654368,2490,0.7467081,2490,0.7372304,2490,0.7361176,3270,2.008976, , , , , , ,2490,0.7014061,2490,0.6885829,2490,0.68269,2490,0.6806824,3270,1.951638, , , , , , ,
2520,0.8166996,2520,0.7972305,2520,0.7878146,2520,0.7868898,3300,2.051302, , , , , , ,2520,0.7522962,2520,0.7391557,2520,0.7336217,2520,0.7312592,3300,2.000174, , , , , , ,
2550,0.8674638,2550,0.8482012,2550,0.8383697,2550,0.8374949, , , , , , , , ,2550,0.8031259,2550,0.7897537,2550,0.7837462,2550,0.7820476, , , , , , , , ,
2580,0.9175531,2580,0.8981419,2580,0.8882135,2580,0.8873122, , , , , , , , ,2580,0.8527468,2580,0.8397422,2580,0.8334364,2580,0.8317853, , , , , , , , ,
2610,0.9664034,2610,0.9469922,2610,0.9373899,2610,0.9364818, , , , , , , , ,2610,0.9017734,2610,0.8887058,2610,0.8824377,2610,0.8804916, , , , , , , , ,
2640,1.015168,2640,0.9958299,2640,0.9859354,2640,0.9849734, , , , , , , , ,2640,0.9504171,2640,0.9374125,2640,0.9312855,2640,0.9291666, , , , , , , , ,
2670,1.062125,2670,1.043434,2670,1.034157,2670,1.033302, , , , , , , , ,2670,0.9988494,2670,0.985394,2670,0.9793223,2670,0.9775495, , , , , , , , ,
2700,1.110793,2700,1.091732,2700,1.082587,2700,1.081747, , , , , , , , ,2700,1.04566,2700,1.033428,2700,1.027736,2700,1.025791, , , , , , , , ,
2730,1.159714,2730,1.140482,2730,1.131308,2730,1.130527, , , , , , , , ,2730,1.094107,2730,1.081737,2730,1.076265,2730,1.074232, , , , , , , , ,
2760,1.208071,2760,1.189163,2760,1.179968,2760,1.179336, , , , , , , , ,2760,1.142605,2760,1.130305,2760,1.124783,2760,1.12293, , , , , , , , ,
2790,1.255803,2790,1.236825,2790,1.22734,2790,1.226826, , , , , , , , ,2790,1.190146,2790,1.17774,2790,1.172238,2790,1.170237, , , , , , , , ,
2820,1.303792,2820,1.28461,2820,1.275382,2820,1.274487, , , , , , , , ,2820,1.237968,2820,1.225563,2820,1.220124,2820,1.218005, , , , , , , , ,
2850,1.352693,2850,1.333551,2850,1.323965,2850,1.323358, , , , , , , , ,2850,1.286527,2850,1.274363,2850,1.269095,2850,1.266484, , , , , , , , ,
2880,1.402203,2880,1.382709,2880,1.373043,2880,1.372567, , , , , , , , ,2880,1.335981,2880,1.323483,2880,1.317756,2880,1.315714, , , , , , , , ,
2910,1.451093,2910,1.431773,2910,1.421998,2910,1.421596, , , , , , , , ,2910,1.384721,2910,1.37219,2910,1.366666,2910,1.364489, , , , , , , , ,
2940,1.499838,2940,1.480792,2940,1.470884,2940,1.470252, , , , , , , , ,2940,1.433536,2940,1.421229,2940,1.415552,2940,1.413439, , , , , , , , ,
2970,1.548945,2970,1.529421,2970,1.519754,2970,1.519121, , , , , , , , ,2970,1.482159,2970,1.469842,2970,1.464296,2970,1.461786, , , , , , , , ,
3000,1.597745,3000,1.57743,3000,1.568046,3000,1.56777, , , , , , , , ,3000,1.530723,3000,1.518559,3000,1.512955,3000,1.5104, , , , , , , , ,
3030,1.646802,3030,1.626685,3030,1.616895,3030,1.617122, , , , , , , , ,3030,1.579653,3030,1.566583,3030,1.561547,3030,1.559226, , , , , , , , ,
3060,1.695622,3060,1.675505,3060,1.665945,3060,1.665813, , , , , , , , ,3060,1.62874,3060,1.615386,3060,1.610411,3060,1.608079, , , , , , , , ,
3090,1.745112,3090,1.72461,3090,1.715068,3090,1.714839, , , , , , , , ,3090,1.677858,3090,1.664382,3090,1.659358,3090,1.656885, , , , , , , , ,
3120,1.793423,3120,1.773443,3120,1.763981,3120,1.763761, , , , , , , , ,3120,1.72632,3120,1.713446,3120,1.708285,3120,1.705792, , , , , , , , ,
3150,1.842978,3150,1.822442,3150,1.812634,3150,1.812611, , , , , , , , ,3150,1.775221,3150,1.761962,3150,1.757355,3150,1.754393, , , , , , , , ,
3180,1.89133,3180,1.870902,3180,1.860691,3180,1.860813, , , , , , , , ,3180,1.823477,3180,1.810432,3180,1.805338,3180,1.802799, , , , , , , , ,
3210,1.940326,3210,1.919636,3210,1.909575,3210,1.909633, , , , , , , , ,3210,1.872125,3210,1.859071,3210,1.853805,3210,1.85139, , , , , , , , ,
3240,1.989202,3240,1.96865,3240,1.95852,3240,1.958798, , , , , , , , ,3240,1.92093,3240,1.908024,3240,1.902848,3240,1.900279, , , , , , , , ,
3270,2.038883,3270,2.018062,3270,2.008009,3270,2.008308, , , , , , , , ,3270,1.970446,3270,1.957461,3270,1.95218,3270,1.949456, , , , , , , , ,
3300,2.085482,3300,2.066514,3300,2.056867,3300,2.056902, , , , , , , , ,3300,2.018953,3300,2.006201,3300,2.000672,3300,1.998019, , , , , , , , ,
3330,2.134524,3330,2.115007,3330,2.105248,3330,2.105305, , , , , , , , ,3330,2.06733,3330,2.054759,3330,2.049616,3330,2.046515, , , , , , , , ,
3360,2.182402,3360,2.163359,3360,2.153375,3360,2.153676, , , , , , , , ,3360,2.113536,3360,2.102453,3360,2.09725,3360,2.094552, , , , , , , , ,
3390,2.231026,3390,2.211662,3390,2.201555,3390,2.201707, , , , , , , , ,3390,2.161989,3390,2.150231,3390,2.145728,3390,2.142598, , , , , , , , ,
3420,2.27905,3420,2.259684,3420,2.249782,3420,2.250144, , , , , , , , ,3420,2.210088,3420,2.198484,3420,2.193787,3420,2.19083, , , , , , , , ,
3450,2.327875,3450,2.308091,3450,2.298097,3450,2.298113, , , , , , , , ,3450,2.258123,3450,2.246574,3450,2.241857,3450,2.238873, , , , , , , , ,
3480,2.37599,3480,2.356737,3480,2.346341,3480,2.346668, , , , , , , , ,3480,2.306666,3480,2.295107,3480,2.290424,3480,2.287001, , , , , , , , ,
3510,2.425067,3510,2.405467,3510,2.394987,3510,2.39533, , , , , , , , ,3510,2.35532,3510,2.343723,3510,2.338719,3510,2.335571, , , , , , , , ,
3540,2.47438,3540,2.454813,3540,2.444499,3540,2.445026, , , , , , , , ,3540,2.404351,3540,2.392908,3540,2.388085,3540,2.38504, , , , , , , , ,
3570,2.524258,3570,2.504464,3570,2.493821,3570,2.494182, , , , , , , , ,3570,2.454118,3570,2.442494,3570,2.437597,3570,2.434466, , , , , , , , ,
3600,2.572801,3600,2.553675,3600,2.543081,3600,2.543754, , , , , , , , ,3600,2.502621,3600,2.491712,3600,2.486602,3600,2.483264, , , , , , , , ,
3630,2.622145,3630,2.601664,3630,2.591397,3630,2.59209, , , , , , , , ,3630,2.551788,3630,2.540428,3630,2.535487,3630,2.531875, , , , , , , , ,
3660,2.671232,3660,2.650846,3660,2.640319,3660,2.641221, , , , , , , , ,3660,2.600377,3660,2.588395,3660,2.583859,3660,2.580611, , , , , , , , ,
3690,2.719468,3690,2.698677,3690,2.688692,3690,2.689089, , , , , , , , ,3690,2.648643,3690,2.636359,3690,2.631851,3690,2.628666, , , , , , , , ,
3720,2.767487,3720,2.747099,3720,2.736987,3720,2.737435, , , , , , , , ,3720,2.696612,3720,2.684713,3720,2.680181,3720,2.677089, , , , , , , , ,
3750,2.816463,3750,2.796128,3750,2.78553,3750,2.786109, , , , , , , , ,3750,2.745391,3750,2.733158,3750,2.728897,3750,2.725173, , , , , , , , ,
3780,2.865691,3780,2.84482,3780,2.834437,3780,2.835237, , , , , , , , ,3780,2.794207,3780,2.782088,3780,2.77791,3780,2.774221, , , , , , , , ,
3810,2.914174,3810,2.893398,3810,2.88253,3810,2.883586, , , , , , , , ,3810,2.843112,3810,2.830866,3810,2.826379,3810,2.822568, , , , , , , , ,
3840,2.962793,3840,2.942203,3840,2.931228,3840,2.932136, , , , , , , , ,3840,2.89095,3840,2.879056,3840,2.874291,3840,2.870999, , , , , , , , ,
3870,3.012091,3870,2.990915,3870,2.980236,3870,2.980979, , , , , , , , ,3870,2.940108,3870,2.927964,3870,2.923278,3870,2.919588, , , , , , , , ,
3900,3.061561,3900,3.040583,3900,3.029451,3900,3.030311, , , , , , , , ,3900,2.989179,3900,2.977034,3900,2.972163,3900,2.968701, , , , , , , , ,
3930,3.109087,3930,3.089182,3930,3.078308,3930,3.079143, , , , , , , , ,3930,3.038297,3930,3.026103,3930,3.0214,3930,3.017714, , , , , , , , ,
3960,3.15763,3960,3.137337,3960,3.126488,3960,3.12781, , , , , , , , ,3960,3.085878,3960,3.074737,3960,3.069993,3960,3.066132, , , , , , , , ,
3990,3.206626,3990,3.18623,3990,3.17561,3990,3.176622, , , , , , , , ,3990,3.133897,3990,3.122607,3990,3.118474,3990,3.114686, , , , , , , , ,
4020,3.255481,4020,3.235236,4020,3.224541,4020,3.225858, , , , , , , , ,4020,3.182918,4020,3.171725,4020,3.167437,4020,3.163716, , , , , , , , ,
4050,3.305873,4050,3.285389,4050,3.274345,4050,3.275807, , , , , , , , ,4050,3.233023,4050,3.221499,4050,3.217154,4050,3.213378, , , , , , , , ,
4080,3.356022,4080,3.33503,4080,3.324382,4080,3.282286, , , , , , , , ,4080,3.282271,4080,3.271226,4080,3.267068,4080,3.263294, , , , , , , , ,
